東洋(SOGO百貨忠孝館),4.5,26,FS_SOGO88小吃中港
興葉(SOGO百貨忠孝館),4.3,10,FS_SOGO88小吃中港
新佳海南雞(SOGO百貨復興館),4.2,8,FS_SOGO88中港
開飯川食堂(SOGO百貨敦化館),4.7,27,FS_SOGO88中港
九如(SOGO百貨忠孝館),4.5,43,FS_SOGO88中港
漢來蔬食(SOGO百貨忠孝館),4.7,13,FS_SOGO88中港
三合院(SOGO百貨忠孝館),5,2,FS_SOGO88中港
灶紅了D-KABUN(SOGO百貨忠孝館),4.6,47,FS_SOGO88中港
SALADAY(SOGO百貨忠孝館),5,8,FS_SOGO88中港
偷吃吐司專賣店,4.6,95,三明治中港
好遞食肉蛋炭烤三明治,4.6,936,三明治飲料中港
樂芙車輪餅(台北師大店),5,2,小吃中港
西螺鴨膳師,4.6,74,小吃中港
玉欣珍傳統美食坊,4.6,7059,小吃中港
順園小館,4.4,937,小吃中港
頑固石板料理,4.3,30,小吃中港
京華煙雲,4.4,71,小吃中港
三禾手打麵(大里新明店),4.7,234,小吃中港
哇呷咖哩涼麵,4.3,130,小吃中港
喜來登Kitchen12,4.6,16,小吃中港
人??厚切牛排(台北復興店),4.6,105,小吃中港
阿發小吃店,4.3,247,小吃中港
大水缸養生飲品.鍋燒意麵,4.6,518,小吃中港
麵線陳專業麵線(台北瑞安店),3.9,95,小吃中港
樹下麵線,4.7,68,小吃中港
雲之南滇緬料理,4.4,136,小吃中港
師大夜市生炒花枝?,4.6,60,小吃中港
龍涎居(師大創始店),4.6,84,小吃中港
通化街魷魚?(大安安居店),4.4,245,小吃中港
蕃茄樓,4.4,503,小吃中港
古北饕,4.5,53,小吃中港
點開心,4,21,小吃中港
大來小館(台北麗水店),4.1,95,小吃中港
小北方美食館,4.3,364,小吃中港
龍涎居好湯,4.6,165,小吃中港
左爺爺的港式茶餐廳(台北愛國東店),4.4,175,小吃中港
"食而喜,海鮮宴席",4.3,3,小吃中港
灶紅了,4.6,1043,小吃中港
十全藥膳排骨(大安通化店),4.7,1410,小吃中港
順發熱炒,4.6,3,小吃中港
KeZuo客坐,5,2,小吃中港
寶斗城剝骨鵝肉店,4.6,299,小吃中港
翔記,4.4,60,小吃中港
馬叔餅舖,4.4,182,小吃中港
1976道地香港美食,4.5,217,小吃中港
赤魷派(台北忠孝店),4.2,26,小吃中港
欲罷不能鹹水雞(台北忠孝旗艦店),4.5,1210,小吃中港
天淳津品,4,3,小吃中港
吉馬陳蚵仔麵線大王,4.5,487,小吃中港
隨意小吃,4.6,417,小吃中港
八德饅頭專賣店,4.4,136,小吃中港
香港茶餐廳,4.5,5314,小吃中港
鼎祥小吃店,4.5,138,小吃中港
金葉紅廚(微風南山店),4.3,122,小吃中港
上台北小館,4,89,小吃中港
福園小吃,4.3,146,小吃中港
唐點小聚SocialPlace,4.5,126,小吃中港
寶之薌涼麵老婆粥,4.4,2034,小吃中港
林記海南雞飯,4.5,107,小吃中港
滷肉控LooBahPng,4.3,74,小吃中港
胖都督麵．燒雞．餃子,4.2,855,小吃中港
東區小賴甜不辣(台北延吉店),4.6,89,小吃中港
來一抄手(台北八德店),4.5,46,小吃中港
蒸丸意兒(松山中崙店),4.5,6,小吃中港
中崙米粉湯,4.4,397,小吃中港
蒜香肉羹,4.4,58,小吃中港
謝家荷葉飯,4.1,13,小吃中港
中崙臭·ㄇㄛ·ㄇㄛ,4.4,131,小吃中港
白暮蛋餅,4.5,37,小吃中港
糖朝SweetDynasty(微風南京旗艦店),4.4,2256,小吃中港
阿寶香酥芋丸(台北公館店),4.7,17,小吃中港
公館商圈美食小吃,2,2,小吃中港
深夜烤堂(台北公館店),3.9,60,小吃中港
博ㄟ麵線.油飯,4.6,62,小吃中港
欲罷不能鹹水雞(台北師大店),4.5,129,小吃中港
好運道港台熱炒,4.5,70,小吃中港
極品鹽水雞(台北師大總店),4.4,323,小吃中港
余記東山鴨頭(台北大安店),4.6,349,小吃中港
易家香Q飯糰,4.7,1266,小吃中港
IN沙拉優格低GI(大安店),4.6,40,小吃中港
涮八方燒餅小舖,4.5,141,小吃中港
陸二村家,4.5,292,小吃中港
角屋關東煮,4.5,428,小吃中港
磚瓦台關東煮(台北師大店),4.3,24,小吃中港
三嬸羊肉燴館,4,90,小吃中港
老朋友小酌,4.5,156,小吃中港
富米食堂,none,none,小吃中港
府城台南美食,4.5,277,小吃中港
健身私廚,4.5,160,小吃中港
富爸爸肉捲(大安臨江店),4.1,44,小吃中港
口?品麻辣臭豆腐(台北通化店),4.7,259,小吃中港
石家烤肉飯,4.4,607,小吃中港
草魚禾海苔飯捲,4.6,79,小吃中港
麻姥姥重慶麻辣燙,4.5,173,小吃中港
渣男TaiwanBistro(台北古亭店),4.3,103,小吃中港
阿基?蔥抓餅x串串屋烤肉,4.2,5,小吃中港
普里鹹油條(台北中正店),4.6,571,小吃中港
林記上海生煎包,4.6,113,小吃中港
雞寶黃金雞(台北東門店),4.2,55,小吃中港
戰鬥雞醉雞/油雞(台北吳興店),4.6,251,小吃中港
一碗小羊肉,4.6,297,小吃中港
珍饌古早味麵線(台北吳興店),4.3,164,小吃中港
噗嚨哄熱炒,4.3,361,小吃中港
小潘潘牛肉河粉(一店),4.3,201,小吃中港
五福小館,4.5,60,小吃中港
一個女生鹽水雞,4.6,616,小吃中港
小潘潘牛肉河粉(二店),3.9,48,小吃中港
布里廚房,4.7,255,小吃中港
紅燈籠快炒,4.1,93,小吃中港
中華一餅,4.5,56,小吃中港
懿品小珍.涼麵.涼皮.麻辣湯品專賣店,4.6,238,小吃中港
府城鵝肉,4.5,584,小吃中港
蔥YA雞(台北店),4.2,46,小吃中港
鹿暘樓,4.6,19,小吃中港
吾家可歸餐酒館,none,none,小吃中港
福忠字?,4.5,39,小吃中港
阿母手路菜,4.2,22,小吃中港
石一籠湯包,4.2,20,小吃中港
日船章魚小丸子(台北忠孝敦化店),4.6,328,小吃中港
派克雞排(台北光華店),4.2,361,小吃中港
開源社香雞排(台北延吉店),4.6,149,小吃中港
大道創意宴會館,5,2,小吃中港
新海岸活蝦(台北市民店),4.4,388,小吃中港
渣男TaiwanBistro(台北信義店),4.5,80,小吃中港
原創花雕雞,4.4,50,小吃中港
艾搗蛋手工蛋餅專賣店,4.3,151,小吃中港
香香炒飯,4.7,1329,小吃中港
雲麻集(台北忠孝店),4.4,259,小吃中港
來來鵝肉活海鮮,4.3,73,小吃中港
長城碳烤(南機場店),3.9,158,小吃中港
豬腳城,4.3,183,小吃中港
老睦家炒鱔魚沙茶魚頭火鍋,4.6,16,小吃中港
小蔡永和豆漿,4.6,1018,小吃中港
鐵人飯糰,4.6,263,小吃中港
店長鴨血(萬華南機場店),4.6,196,小吃中港
老貳樓串燒居酒屋,4.4,36,小吃中港
一個女生鹽水雞(台北永吉店),4.5,517,小吃中港
口?品麻辣臭豆腐(台北南機場店),4.5,118,小吃中港
鼎太郎(台北小巨蛋店),4.3,327,小吃中港
大王麵線,4.2,86,小吃中港
磚瓦台關東煮(台北中山店),3.5,17,小吃中港
盈家鹽酥菇,4.5,30,小吃素食中港
潮味決•湯滷合作社(台北瑞安分社),4.9,13,中港
Mr.雪腐。熱(台北公館店),5,1,中港
好雞飯堂,none,none,中港
大狗麵線(台北師大店),4.6,50,中港
肉大人肉舖火鍋,none,none,中港
水源食坊不一樣炒飯,4.4,41,中港
Hao飯寓所,4.7,27,中港
鮮味小館,3.5,2,中港
我家牛排(台北和西店),3.5,2,中港
珍寶海鮮(台北信義店),4.4,58,中港
大埔鐵板燒(台北師大店),4.3,68,中港
重熙老麵(台北樂利店),4.4,14,中港
得記麻辣火鍋(安居總店),4.5,53,中港
思鄉病-解憂牛肉麵,4.4,12,中港
家香小廚,4.4,54,中港
溫州大餛飩(大安安和店),3,2,中港
羅胖子,none,none,中港
細酌牛飲BeerTalkCafe&Bar(台北基隆路店),none,none,中港
莊記北方小館,4.6,9,中港
元榆牧場(台北東門店),4.6,42,中港
NICEGREEN美蔬菜廚房(安和店),none,none,中港
成家小館(台北仁愛店),none,none,中港
大鼎豬血湯(天然紅豆腐)(台北延吉店),4.6,293,中港
小誇張肉骨茶,5,2,中港
雞老爺藥膳桶仔雞串燒生啤酒,4.5,432,中港
巴蜀香香鍋(台北安東店),4.4,134,中港
光頭鵝肉,5,3,中港
潮味決•湯滷合作社(台北莊敬分社),4.2,9,中港
老媽拌麵,4.6,14,中港
京星港式飲茶2店,4.6,1633,中港
陳陽鵝肉大王,4.5,367,中港
真味肉圓(信義莊敬店),4.7,27,中港
莫忘主廚私房料理,none,none,中港
逍遙吉祥,5,3,中港
胡記通化街米粉湯(台北大安旗艦店),4.5,185,中港
張記海南雞飯,5,1,中港
花蓮扁食(光華商場店),4.2,118,中港
李記港式香煎雞扒坊,4.4,9,中港
點8號星級名廚點心專賣(台北光復店),3.6,15,中港
無敵滷物製作所,4.6,10,中港
林家豬腸冬粉(台北三元店),4.2,42,中港
興記菜館(微風南山店),4.5,215,中港
蓋天下(台北長安店),4.6,25,中港
樂品軒(台北華山店),4.4,168,中港
劉媽媽抄手大滷麵(信義店),4.1,76,中港
你和我和牛,4.6,19,中港
娘娘雞排(台北永吉殿),4.5,106,中港
魯肉飯香,4.7,57,中港
蒜翻天(大安和平店),4.4,209,中港
炸老大秀泰影城,none,none,中港
金師傅剝皮辣椒專賣,5,1,中港
福滷滷,4.6,21,中港
花麻辣,none,none,中港
樂和小吃麵典,3,2,中港
番茄屋,4.6,19,中港
元亭小館,4.8,11,中港
東區小吃,4.3,6,中港
羽庭小屋,4.5,4,中港
三重現做赤肉?(台北信義店),4.3,54,中港
上海邵師傅湯包,4.6,37,中港
鼎香園老麵包子饅頭(台北信義店),5,2,中港
老郭川菜川味飄香43年,4.5,220,中港
土狗幫熱炒燒烤,4.6,60,中港
冰世界雪花冰,3.8,5,中港
金賀家?抓餅,4.7,11,中港
小弄堂,3.3,3,中港
珍饌鹹粥,4.4,12,中港
蒜翻天(台北吳興店),4.3,941,中港
輕履行(台北光復店),4.5,70,中港
東門鴨莊(台北東門總店),4.6,4814,中港
好炒喔-信義路炒飯,4.6,41,中港
芯手作料理,4.2,13,中港
南門豬腳,4,14,中港
御牛亭-和牛滷肉飯(XMetis),4.2,92,中港
鴛廚居咖哩料理,4,1,中港
阿榮碳烤,4.4,126,中港
活力飯糰(台北吳興店),4.6,76,中港
吉祥肉羹麵魯肉飯,4.3,23,中港
春熙巷川麵堂,4.2,41,中港
EatPoke夏威夷蓋飯,4.5,4,中港
福天下,1,none,中港
Boom,1,1,中港
鑫吉野烤肉飯(台北信義店),4.6,11,中港
鱘?熱炒,4.6,28,中港
樂品軒(忠孝店),4.4,73,中港
上海鄉村(台北仁愛店),4.8,5,中港
筷子餐廳,4.7,66,中港
池上木片便當(台北松仁店),4.7,36,中港
元氣廣式腸粉(台北濟南店),4,8,中港
活力美式早午餐(台北八德店),4.2,61,中港
維克吧小館,4.5,9,中港
醉翁漁港海鮮,4.5,64,中港
蝦屋,4.3,10,中港
老張夜宵?酌食?鍋物,4.5,6,中港
北港生炒鴨肉羹,4.6,5,中港
豬角(台北八德店),4.7,41,中港
紅九九個人鴛鴦鍋(台北市府店),4.7,8,中港
世運燒臘店,4.7,70,中港
嘎夏麵,5,6,中港
PaPaRice餐酒館,none,none,中港
蘋果203派對早午餐(台北惠安店),4.6,138,中港
PowerMan,4.5,26,中港
噱一下便當,4.3,120,中港
"集結號,肉蛋土司",4.4,315,中港三明治
澎派炭烤土司,4.6,387,中港三明治
香港仔茶水舖(台北信義店),4.1,1314,中港小吃
梁鑫雞肉飯專門店,4.7,1404,中港小吃
沈爺炸蛋蔥油餅,4.4,631,中港小吃
余記東山鴨頭(台北通化店),4.6,327,中港小吃
JZ廚坊,4.1,17,中港小吃
原創屋石頭火鍋,4.2,54,中港火鍋
火鍋黨,4.3,83,中港火鍋
金霸臭臭鍋(大安四維店),4.6,250,中港火鍋
已知用火鮮味小火鍋,4.3,654,中港火鍋
早點到早午餐,4.7,202,中港早餐
拉亞漢堡(台北忠孝店),4.6,869,中港早餐
阿婆號早午餐,4.7,1640,中港早餐
蘋果203派對早午餐(台北延平店),4.6,247,中港早餐
犀牛犀牛吐司、捲餅、茶飲專?,4.6,513,中港早餐
通化街米粉湯50年老店(胡記復興旗艦店),4.5,4827,中港便當
新東陽麥記燒臘(台北師大店),4.2,178,中港便當
龍記燒臘(台北世貿店),4.3,81,中港便當
川品排骨店,4.4,375,中港便當
嘉珍港式燒臘店,4.4,662,中港便當
梅老闆,4.6,292,中港便當
一品食棧,4.3,820,中港便當
依碗麵,4.2,29,中港便當
金全城自助餐,4.2,129,中港便當
滿意廚房,4.5,83,中港便當
港元燒臘,4.4,112,中港便當
立大功鐵板燒便當,4.4,305,中港便當
魔法雞排(台大公館店),4.7,184,中港炸雞
MR.GUGU(台北吳興店),4.4,470,中港炸雞
素食之家,4.7,238,中港素食
金玅幸福素食店,4.6,115,中港素食
蓮池閣素菜餐廳,4.6,99,中港素食
菩提樹素食,4.8,30,中港素食
寬心園精緻蔬食料理(台北安和店),4.6,24,中港素食
小涼院霜淇淋專門店,4.5,40,中港甜點
Mr.雪腐(台北公館店),4.8,69,中港甜點
友蓁豆花店,4.8,10,中港甜點
其實豆製所(台北東門店),4.6,48,中港甜點
梁記手作豆花(台北廈門店),4.4,318,中港甜點
甜品胃,4.7,629,中港甜點
楓茶記(台北大安店),4.7,127,中港甜點
師大爆漿起司車輪餅,4.6,122,中港甜點
JJ豆花,4.5,406,中港甜點
咕咕鬆餅屋(台北信大店),4.4,211,中港甜點
脆皮圓形燒,3.8,53,中港甜點
?心燒。甜心紅豆餅,3.8,27,中港甜點
紅豆仙生,4.2,227,中港甜點
才哥甜品舖(台北吳興店),4.5,283,中港甜點
SuperPaPa雪花冰甜品,4.2,37,中港甜點
TEATOP(台北台大店),4.6,97,中港飲料
夏可里朵,4.6,46,中港飲料
空杯和平1號店,4.3,99,中港飲料
COMEBUY(台北汀州店),4.7,18,中港飲料
旺來甜冰品,4.5,23,中港飲料
凰上您好,4.6,96,中港飲料
茶湯會(台北公館店),4.7,459,中港飲料
康青龍(台大公館店),4.8,253,中港飲料
猛男咖啡(大成精品店),3,1,中港飲料
TenPastTen咖啡豆專賣店,4.9,22,中港飲料
黑瓶咖啡BlackBottle,4.2,36,中港飲料
Bluedeer布鹿果漾新鮮式(台北瑞安店),4.4,180,中港飲料
四口木果汁店,4.6,281,中港飲料
TEATOP(台北師大店),4.7,293,中港飲料
COMEBUY(大安師大店),4.7,92,中港飲料
清心福全(台北大安成功店),4.8,70,中港飲料
清心福全(台北大安建國南店),4.9,54,中港飲料
康青龍(台北信義大安店),4.8,567,中港飲料
BobiiFrutii珍珠水果特調(台北永康店),4.6,313,中港飲料
武林茶(台北通化店),4.8,342,中港飲料
鬥茶堂(台北通化店),4.6,28,中港飲料
一芳水果茶(台北通化店),4.9,78,中港飲料
溫叨cafe(台北東門店),4.5,782,中港飲料
鮮茶道(北市通化店),4.7,499,中港飲料
沐白小農(台北通化店),4.8,1244,中港飲料
果然好合THEBLENDTEASHOP,4.5,8,中港飲料
清心福全(大安杭州南店),1,none,中港飲料
康青龍(大安通化店),4.7,745,中港飲料
Kafemera,4.9,14,中港飲料
雙珠鮮奶飲品店,4.2,28,中港飲料
早餐送起士小農鮮奶,3.8,18,中港飲料
清心福全(信義世貿店),4.8,697,中港飲料
康青龍(台北濟南店),4.7,331,中港飲料
COMEBUY(台北北醫店),4.7,149,中港飲料
迷客夏milkshop(台北南昌店),4.8,457,中港飲料
合粹,4.4,190,中港飲料
迷客夏(台北北醫店),4.8,238,中港飲料
LadyBean逗逗小姐,4.7,220,中港飲料
大苑子(台北南昌店),4.8,351,中港飲料
CAF'EFUGUROASTERS,4.6,6,中港飲料
武林茶(台北敦南店),4.7,247,中港飲料
nooicafe諾伊咖啡,4.5,258,中港飲料
舒油頭(信義北醫店),4.6,44,中港飲料
打卡咖啡館(台北光復店),4.8,59,中港飲料
黑爺黑糖鮮奶波霸(台北延吉店),4.6,51,中港飲料
水巷茶弄(延吉忠孝店),4.8,725,中港飲料
綿綿mimitea,4.9,42,中港飲料
COMEBUY(台北忠孝sogo店),4.7,85,中港飲料
ina飲拿,4.4,50,中港飲料
康青龍(台北延吉店),4.9,131,中港飲料
Like17,4.6,43,中港飲料
COMEBUY(台北建國店),4.8,79,中港飲料
俏Ciaotender,4.7,58,中港飲料
康青龍(台北華山店),4.7,323,中港飲料
小茗堂Mingdei,4.6,73,中港飲料
THEWORKSHOPxytCa,4.4,14,中港飲料
天仁CHAFFEE(台北南山微風店),4.7,84,中港飲料
CM(台北松江),4.5,40,中港飲料
烏弄(台北遼寧店),4.7,151,中港飲料
草本茶集(台北遼寧店),4.5,100,中港飲料
五十嵐(長安店),4.3,3,中港飲料
COMEBUY(台北南機場店),4.8,182,中港飲料
烤茶之家&鮮榨果汁,4.6,107,中港飲料
春紀本家(台北八德總店),4.3,118,中港飲料
清心福全(台北南門店),4.7,222,中港飲料
NOTCH咖啡(台北站前店),4.9,25,中港飲料
B&G德國農莊TeaBar氮氣冷萃茶飲(微風南京旗艦店),4.5,65,中港飲料
鮮茶道(北市永吉店),4.8,162,中港飲料
Mr.Wish(台北市府店),4.7,483,中港飲料
COMEBUY(台北市府店),4.7,320,中港飲料
S&D咖啡(台北光復南店),4.5,35,中港飲料
蘇草,4.3,9,中港飲料
名上咖啡屋,3.8,27,中港飲料
武林茶(台北公館汀州店),4.8,99,中港飲料
阿二冰茶,4.6,475,中港飲料
82Caf?,5,1,中港飲料
一芳水果茶(台北師大店),4.9,35,中港飲料
發現茶現萃茶香專賣店,4.4,32,中港飲料
THEONETEA一茶工房,4.6,263,中港飲料
青果園鮮萃飲,4.5,95,中港飲料
幸福堂(台北通化店),4.3,156,中港飲料
香港大茶檔,4.8,27,中港飲料
星月映辰鮮奶茶舖,4.5,34,中港飲料
拉CHA茶,4.6,77,中港飲料
自己來紅茶鮮乳(台北臨江店),4.7,83,中港飲料
LittleCha,4.3,40,中港飲料
御心木瓜牛奶,4.8,612,中港飲料
C造杯,4,24,中港飲料
水巷茶弄(台北吳興店),1,none,中港飲料
PinCha品茶,4.6,45,中港飲料
瓷禧茶坊(台北中正店),4.6,418,中港飲料
圖角獸咖啡,4.6,22,中港飲料
無事茶飲(台北店),5,3,中港飲料
不要對我尖叫(台北松菸店),4.7,19,中港飲料
Teatop台灣第一味(信義忠孝店),4.8,41,中港飲料
瓷禧茶坊(台北松菸店),4.6,126,中港飲料
何媽媽手作蒟蒻,4.7,188,中港飲料甜點
貓掌燒,4.6,68,中港飲料甜點
"麻舖子,川蜀麻辣燙.滷味",4.2,112,中港滷味
川霸子麻辣滷味(吳興店),4.5,355,中港滷味
饕本家麻辣燙滷味,4.4,61,中港滷味
香師傅滷味(台北大安店),4.6,876,中港滷味
韓老六椒香滷味,4.6,306,中港滷味
辣妞妞麻辣燙(南機場店),4.6,819,中港滷味
八方雲集(建南店),4.8,137,中港餃子
八方雲集(忠孝三店),4.6,169,中港餃子
OH霸手工大水餃,4,35,中港餃子
八方雲集(信義世貿店),4.6,84,中港餃子
山西刀削麵(大安和平東路店),4,11,中港麵類
牛老大麵食館,4.5,1506,中港麵類
壹伍壹麵食館,4.5,68,中港麵類
楊記大餛飩(台北光華店),4.5,23,中港麵類
新明老爹牛肉麵,4.2,81,中港麵類
霸王麵店,4.2,544,中港麵類
郭家?仔麵,4.1,7,中港麵類
雞湯面線,4.3,29,中港麵類
陳鐵心台灣料理,4.5,1307,中港麵類
牛樂麵,4.6,380,中港麵類
旺仔牛肉麵,4.7,344,中港麵類
山東曲曲麵疙瘩,4.4,90,中港麵類
傳統美食麵店,4.4,210,中港麵類
回憶麵麵館,4.1,19,中港麵類
餃子樂(台北信義店),4.7,98,中港麵類
齊媽媽雞湯麵牛肉麵,4.5,351,中港麵類
紗舞縭(SOGO百貨敦化館),4,1,火鍋FS_SOGO88中港
香吧佬涮涮鍋,3.8,5,火鍋中港
貳鍋三新精緻鍋物,4.7,9,火鍋中港
麻凡麻辣鴛鴦石頭火鍋,4,7,火鍋中港
一家魚頭火鍋,4.9,11,火鍋中港
湊一鍋,3.9,10,火鍋中港
老先覺麻辣窯燒鍋(台北和平三店),4.7,903,火鍋中港
登豐港式麻辣,4.6,235,火鍋中港
無老鍋(台北新生店),4.7,9,火鍋中港
珍味臭臭鍋(台北吳興店),5,2,火鍋中港
火山一鍋,4.3,353,火鍋中港
8鍋臭臭鍋(北醫吳興店),4.6,1143,火鍋中港
上官木桶鍋(台北中正店),4.3,80,火鍋中港
老先覺功夫窯燒鍋(台北北醫店),4.7,8,火鍋中港
5味臭臭鍋(台北大安店),4.5,68,火鍋中港
無老鍋(台北市民店),5,6,火鍋中港
朕店麻辣鍋,4.5,20,火鍋中港
華山鍋燒小火鍋,4.1,1251,火鍋中港
一品花雕雞,4.5,113,火鍋中港
麗媽香香鍋(台北延吉店),4.6,6846,火鍋中港
金霸臭臭鍋,4.5,820,火鍋中港
王鍋屋酸白菜鍋專門店,3.8,5,火鍋中港
老四川巴蜀麻辣燙(台北長安店),5,1,火鍋中港
米塔石頭火鍋(台北市府店),4,4,火鍋中港
鼎王麻辣鍋(台北長安店),4.4,10,火鍋中港
子辣。個人。麻辣,4.2,56,火鍋中港
海底撈火鍋(新北板橋店),4.8,7,火鍋中港
記得辣,none,none,火鍋中港
邱記麻辣食堂,4.6,371,火鍋中港
鴨香煲(台北八德店),4.8,16,火鍋中港
八兩八臭臭鍋.鐵板便當,4.4,214,火鍋中港
你比從前快樂小火鍋,4.3,33,火鍋中港
狀元紅牛肉火鍋專家(台北中山店),4.5,99,火鍋中港
福來早餐(台北六張犁店),4.6,284,早餐中港
紅橘子精緻早午餐(台北和平店),4.7,4019,早餐中港
餵我早餐TheWhale,4.4,42,早餐中港
紅橘子精緻早午餐(和平二店),4.5,689,早餐中港
麥味登(北市和平店),4.5,920,早餐中港
蘋果203早午餐(台北北醫店),4.5,148,早餐中港
豐滿早午餐(信義世貿店),4.5,89,早餐中港
麥味登(台北松仁店),4.7,107,早餐中港
愛上愛莉(台北松仁店),4.1,17,早餐中港
安好食(台北和平東路店),4.6,215,早餐中港
美味坊,4.5,88,早餐中港
活力飯糰(台北大安店),4.5,100,早餐中港
美聚客早午餐,4.6,313,早餐中港
初飽飽鐵板土司專賣店,4.6,423,早餐中港
紅橘子精緻早午餐(台北延吉店),4.6,414,早餐中港
丸米飯糰,4.7,4,早餐中港
嘉嘉漢堡(北市中正店),4.6,482,早餐中港
恩恩漢堡早午餐,4.6,74,早餐中港
兔Dreams早午餐,4.9,31,早餐飲料中港
好運來早午餐店,4.6,1808,早餐飲料中港
綠蓋茶館(誠品台大店),5,1,百貨美食節中港
18獨享鍋(誠品敦南店),4.5,865,百貨美食節中港
炸去啃(SOGO百貨忠孝館),4.8,6,百貨美食節中港
繼光香香雞(誠品信義店),5,6,百貨美食節中港
SupremeSalmon美威鮭魚(誠品信義店),5,2,百貨美食節中港
于記杏仁(誠品敦南店),4.6,202,百貨美食節中港甜點
茶茶小王子(誠品敦南店),4.7,14,百貨美食節中港飲料
天仁喫茶趣TOGO(誠品敦南店),4.7,545,百貨美食節中港飲料
葉味香(SOGO百貨復興館),4.5,2,百貨美食節中港麵類
咖哩王子(台北臨江店),4.6,73,咖哩中港
紅豆食府(SOGO百貨敦化館),4.8,17,便當FS_SOGO88中港
鬍鬚張魯肉飯(台北大安店),4.6,601,便當中港
佳家手作餐盒,4.4,311,便當中港
日日好食光,3.6,3,便當中港
金婆食堂,4.1,71,便當中港
鬍鬚張魯肉飯(台北通化店),4.6,1231,便當中港
草根今健康餐盒,4.8,47,便當中港
佳典魯肉飯(台北汀洲店),4.6,460,便當中港
肉伯火雞肉飯,4.6,2671,便當中港
來碗Laksa,4.3,68,便當中港
吃吃喝喝現做餐盒關東煮,4.5,29,便當中港
鬍鬚張魯肉飯(台北南昌店),4.6,578,便當中港
鬍鬚張魯肉飯(忠孝新生店),4.6,1127,便當中港
嘟嘟,4.6,12,便當中港
金鳳錦燒鵝,4.4,21,便當中港
新東陽麥記燒臘(台北忠孝一店),4.5,360,便當中港
秧米YumeatRice,4.6,737,便當中港
吳媽海南雞飯(台北杭州店),4.2,63,便當中港
鬍鬚張魯肉飯(台北華山店),4.6,1056,便當中港
鬍鬚張魯肉飯(台北南門店),4.7,2791,便當中港
Majide鐵板蓋飯專門店,4.4,224,便當中港
鑫吉野烤肉飯(台北公館店),4.5,233,便當中港
弁當工場(台北台大店),4.3,51,便當中港
Keepfit,none,none,便當中港
鴻膳食堂,4.6,456,便當中港
甩三小專業羊肉(敦南店),4.6,1269,便當中港
羊角當歸羊肉湯火雞肉飯,4.5,159,便當中港
龍涎居(台北臨江店),4.6,408,便當中港
有點鮮Alittlefresh,4.3,124,便當中港
喬比廚房JobbieKitchen,4.6,147,便當中港
樂活食堂,4.7,449,便當中港
食朋新疆小館,4,28,便當中港
鴨豆府,4.4,78,便當中港
大道18號精緻熱炒,4.5,161,便當中港
老士林烤肉飯(台北信義店),4.6,214,便當中港
烤肉工廠-烤肉飯專賣店,4.6,138,便當中港
瘦虎麵屋,4.4,179,便當中港
DELIDAY橄欖油健康餐盒,4.6,150,便當中港
名門燒臘,4.4,3373,便當中港
揪食棧,4.3,46,便當中港
喫滷霸,4.8,16,便當中港
鬍鬚張魯肉飯(誠品敦南店),4.6,362,便當百貨美食節中港
鬍鬚張(誠品信義店),4.6,18,便當百貨美食節中港
炸?大獅(中正公館店),4.8,162,炸雞中港
陳家炸雞,4.5,2,炸雞中港
老爹無骨鹹酥雞,4.5,221,炸雞中港
台灣鹽酥雞(台北通化店),4.6,6789,炸雞中港
OvenMaru烤頂雞,4.6,1231,炸雞中港
魔法雞排(台北忠孝店),4.6,251,炸雞中港
Mr.Smile好吃雞排(台北復興店),4.6,135,炸雞中港
皇家鹹酥雞(台北臥龍店),4.6,119,炸雞中港
炸老大(台北瑞安店),4.4,365,炸雞中港
艋舺雞排(大安通化店),4.7,2975,炸雞中港
鳳記轟炸雞無骨鹹酥雞(台北通化店),4.5,604,炸雞中港
派克雞排(台北吳興店),4.6,59,炸雞中港
東區鹽酥雞,4.4,839,炸雞中港
王哥鹹酥雞,4.5,386,炸雞中港
丰馥刈包,4.5,323,炸雞中港
繼光香香雞(台北忠孝店),4.6,461,炸雞中港小吃
小蔬杭(台大二活店),4.6,42,素食中港
遼寧福州乾麵,4.4,3885,素食中港
菠蘿麵包????(台北忠孝店),4.6,209,甜點中港
點點心mini(微風南山店),4.5,265,甜點中港
點點心(台北總店),4.6,4265,甜點中港
貝倫烘焙餐坊,4.4,135,甜點中港
麻吉迷你鯛魚燒,4.5,88,甜點中港
飯BARmini,4.7,68,甜點中港
包達人,4.2,49,甜點中港
永康錄雞湯,4.4,86,粥&湯中港
一流清粥小菜,4.5,592,粥&湯中港
十二粥,4.6,586,粥&湯中港
雞優穀養生藥膳(台北嘉興店),4.7,113,粥&湯中港
粥強大,4.4,472,粥&湯中港
古亭廣東粥,4.7,73,粥&湯中港
禾記麻辣,4.6,360,粥&湯中港
粥師傅廣東粥(台北大安店),4.7,398,粥&湯中港
廣東粥,4.5,905,粥&湯中港
童遊鬆餅午茶(精靈館),4.6,22,飲料中港
YanRancoffeexfood,4.6,25,飲料中港
黑面蔡(忠孝店),4.5,86,飲料中港
Ambi-Cafe無聊咖啡,5,5,飲料中港
願有記,4.8,376,飲料中港
19咖啡輕食廚房(師大店),4.5,114,飲料中港
少小白,4.6,179,飲料中港
麵屋羽立,4.5,132,飲料中港
願有記(台北延吉店),4.7,275,飲料中港
陳記九龍城香港茶(台北南機場店),4.8,17,飲料中港
燈籠滷味創始總店,4.5,2523,滷味中港
燈籠滷味(台北創始店),4.6,827,滷味中港
成記滷味(台北公館店),4.7,29,滷味中港
廟口黑客滷味,4.3,269,滷味中港
大台北平價滷味,4.5,2151,滷味中港
大鹵鍋,3.8,10,滷味中港
婦產科滷味(安居分院),4,7,滷味中港
木櫃滷味,4.2,27,滷味中港
燈籠滷味(台北通化店),4.4,339,滷味中港
桂師父滷味(台北吳興店),4.7,25,滷味中港
小豬很忙蔬果滷味(信義莊敬店),4.5,407,滷味中港
三顧茅廬(台北莊敬店),4.4,242,滷味中港
滷先覺,5,3,滷味中港
滷滷味(台北安東店),4.5,9,滷味中港
麻丹辣麻辣滷味(八德中崙店),4.5,516,滷味中港
潮味決-麻辣燙燒滷味(台北中崙店),4.6,50,滷味中港
醇滷味(台北中崙店),4.5,37,滷味中港
新巴黎滷味(誠品信義店),4,2,滷味百貨美食節中港
青滷Vegluu,4.2,36,滷味飲料中港
三明治LiquidBreadCo.(LBC),4.7,58,漢堡三明治中港
Burgershop漢堡專賣店,4.5,22,漢堡中港
小日慢慢,4.4,567,漢堡中港
花蓮扁食(內湖家樂福店),4.3,74,餃子中港
八方雲集(信義嘉興店),4.7,127,餃子中港
四海遊龍(台北大安店),4.5,537,餃子中港
餃匠(台北通化店),4.5,192,餃子中港
八方雲集(新生仁愛店),4.7,44,餃子中港
四海遊龍(台北濟南店),4.3,326,餃子中港
八方雲集(台北光復二店),4.7,51,餃子中港
豪季水餃(頂好復興店),4.2,443,餃子中港
四海遊龍(台北松仁店),4.5,214,餃子中港
八方雲集(台北延平南店),4.6,202,餃子中港
曾餃子,4.5,17,餃子中港
香味純手工水餃,4.6,694,餃子中港
山玖鍋貼水餃,4.5,258,餃子中港
皇家水餃,4.6,185,餃子中港
東門餃子館,4.4,1747,餃子中港
餃子樂(台北東豐店),4.5,106,餃子中港
四海遊龍(北商大店),4.1,54,餃子中港
珍香鍋貼(台北廣州店),4.7,21,餃子中港
甘泉魚麵(台北師大店),4.6,997,麵類中港
寶島牛牛肉麵,4.7,27,麵類中港
金紅乾拌麵(台北師大店),4.5,66,麵類中港
潮麵ChowPaoMein炒泡麵專賣店(台北信義店),4.3,179,麵類中港
鴻富麵食館,4.5,233,麵類中港
山東老鄒刀切麵,4.4,42,麵類中港
立祥公寓精緻麵食,4.4,193,麵類中港
小邵專業涼麵,4,123,麵類中港
珍品川味牛肉麵魯肉飯,3.7,4,麵類中港
韓記老虎麵食館(台北金華店),4.7,3097,麵類中港
956麵館,4.4,262,麵類中港
砂鍋煲麵,4.1,109,麵類中港
伍柒玖牛肉麵(台北通化店),4.4,273,麵類中港
一嘉雞肉飯,4.3,63,麵類中港
鈜景(御牧牛),4.6,27,麵類中港
寬巷子(台北新生店),4,2,麵類中港
小美好牛肉麵,4.5,91,麵類中港
非苣不可麵食工坊(大安信義店),4.6,52,麵類中港
青藏老牌牛肉麵,4.3,330,麵類中港
潮饌麵府,4.3,176,麵類中港
鰹魚乾拌王,4.4,38,麵類中港
天下三絕麵食館,4.5,471,麵類中港
春天涼麵,4.5,28,麵類中港
金紅乾拌麵(台北寧波店),4.3,52,麵類中港
姑媽咪牛肉麵專賣店,4.6,59,麵類中港
楊記刀削麵館,4.6,115,麵類中港
東區最強-L牛肉麵,4.4,168,麵類中港
伍柒玖牛肉麵(台北延吉店),4.4,1042,麵類中港
麵屋牛一,4.5,85,麵類中港
品方小館,4.5,103,麵類中港
韓記老虎麵食館(台北微風店),4.7,3062,麵類中港
市府海鮮麵疙瘩,4.3,1474,麵類中港
重熙老麵,4.7,140,麵類中港
好好吃麵,4.5,23,麵類中港
朕點麻小面,4.5,317,麵類中港
no13涼麵微輕食,4.7,12,麵類中港
赤牛城,4.4,149,麵類中港
史大華精緻麵食,4.7,123,麵類中港
南川麵館,4.5,126,麵類中港
八麵玲瓏麵食館,4.4,291,麵類中港
元氣家族麵飯館(大安信義店),4.3,92,麵類中港
來裡麵,4.4,41,麵類中港
老蘿蔔麵食,4.6,145,麵類中港
上牛社會平價炙燒牛排,4.5,28,麵類中港
三姊的意麵,4.5,49,麵類中港
黃金麵線-吳興街,4.3,13,麵類中港
桌嚼,5,1,麵類中港
初x麵MainxMain,4.2,5,麵類中港
甘泉魚麵(台北新生店),4.6,1056,麵類中港
來一鍋,4.3,207,麵類中港
七彩麵店,4.2,27,麵類中港
傻瓜乾麵魚丸,4.3,278,麵類中港
查記麵館,5,1,麵類中港
林家高元牛肉麵,4.4,136,麵類中港
史料味極牛肉麵,4.5,39,麵類中港
涼夏麵,4.6,116,麵類中港
7號雞腿排,4.7,210,麵類中港
林記麻醬麵,4.5,179,麵類中港
呷咪,4.1,28,麵類中港
阿珠廚房,4.3,113,麵類中港
勝利廚房X安心好食,4.4,62,麵類中港
紅燈榮,4.7,67,麵類中港
品味小廚貓耳麵專賣,4.7,206,麵類中港
有有有麵擔,4.6,57,麵類中港
祖傳楊家涼麵,4.5,72,麵類中港
鋤拉米鍋燒麵專賣,4.4,148,麵類中港
老楊山東牛肉麵,4.6,52,麵類中港
麻膳堂(誠品敦南店),4.4,439,麵類百貨美食節中港
朕點麻小面(台北忠孝店),4.5,457,麵類飲料中港
Eason藝昇鐵板燒,4.5,23,鐵板燒中港
開喜鐵板料理,4.3,100,鐵板燒中港
大港鐵板燒,4.5,102,鐵板燒中港
12MINI(捷運公館店),4.7,630,火鍋飲料
12MINI(忠孝復興店),4.8,913,火鍋飲料
鰻將劍持屋(SOGO百貨復興館),4,9,FS_SOGO88日韓
韓鶴亭(SOGO百貨復興館),4.4,9,FS_SOGO88日韓
鮨彩(SOGO百貨敦化館),4,7,FS_SOGO88日韓
韓京(SOGO百貨忠孝館),4,10,FS_SOGO88日韓
胡同燒肉丼(SOGO百貨忠孝館),4.7,31,FS_SOGO88日韓
ISAACToast&Coffee(SOGO百貨忠孝館),4.8,82,三明治FS_SOGO88日韓
韓國時間,4.2,248,小吃日韓
海力士(台北安居店),4.7,23,小吃日韓
魚??壽司,4.2,30,小吃日韓
新平洞,4.3,146,小吃日韓
孔陵一隻雞,4.7,277,小吃日韓
Minime韓風親子餐廳,4.6,13,小吃日韓
初?鮨,4.7,26,小吃日韓
燒燒YAKIYAKI(台北大安店),4.3,141,小吃日韓
佐藤精肉店akiba,4.5,163,小吃日韓
巧房廣島燒,4,15,小吃日韓
清潭洞韓式燒烤,4,7,小吃日韓
東京純豆腐(台北信義威秀店),4.4,227,小吃日韓
鮮味屋韓式料理,4.3,319,小吃日韓
日船章魚小丸子(台北師大店),4.7,152,小吃日韓
Hi!Sushi海壽司(台北信通店),4.5,547,小吃日韓
朝鮮閣,4.4,367,小吃日韓
MeatLove橡木炭火韓國烤肉,4.4,759,小吃日韓
日船章魚小丸子,4.4,41,小吃日韓
月島文字燒(台北忠孝店),4.5,403,小吃日韓
千之壽日式料理,4.5,27,小吃日韓
咚咚家韓式豬肉專賣店,4.6,26,小吃日韓
築2和風料理,4.5,332,小吃日韓
豚花韓式料理,4.3,33,小吃日韓
夜酌居酒屋,4.2,21,小吃日韓
星海食事所,4.2,27,小吃日韓
燒瞎關東煮,4.1,203,小吃日韓
章愛家丼飯炒麵燒專賣店(台北中華店),4.5,83,小吃日韓
福海鮮屋,4.3,110,小吃日韓
歐伊西飯丸,4.3,22,小吃日韓
海福岡,4.2,58,日韓
心KOKORO食堂,3.8,25,日韓
魚韻日式料理(台北大安店),4.3,9,日韓
林居Sushi日本料理,4.5,24,日韓
呼呼涮涮鍋,4.3,23,日韓
本家長壽村,4.6,18,日韓
Woodid??手作韓食,4.4,146,日韓
曉食堂,4.5,36,日韓
安妞韓辣燙,none,none,日韓
太陽蕃茄拉麵,4.6,462,日韓
半熟堂,4.3,6,日韓
佐賀丼飯專家(台北光華八德店),3.5,11,日韓
開漳拉麵,5,1,日韓
八色烤肉(台北忠孝店),5,1,日韓
山本漢堡排,4.7,19,日韓
博多拉麵(台北大安店),4.7,2037,日韓
青園食堂,4.5,19,日韓
萃茶風大享食(台北長安店),none,none,日韓
麵頑者(台北長安東店),4.4,19,日韓
金葉名氣餅(誠品信義店),3,1,日韓
漁聞樂日本料理,4.3,31,日韓
MAJIDE鐵板蓋飯(台北南京店),4.4,35,日韓
"JCSushi壽司捲,丼飯專賣",4.5,26,日韓
可可關東煮,4.4,41,日韓
樂氣串燒居酒屋,none,none,日韓
小原田日式料理(大安永康店),4.4,81,日韓
東京拌麵心Aburasoba麵類,none,none,日韓
魚韻日式料理(台北北醫店),4.4,10,日韓
木木食堂,4.6,52,日韓
豆豆里,4.4,40,日韓
金色三麥SUNMAIBAR(台北安和店),4.6,3,日韓
上街吃吃咖哩X炸物,4.6,45,日韓
荷豐食坊,4.5,28,日韓
歐買尬日式海鮮串燒,4.6,12,日韓
無敵燒肉丼飯,4.5,29,日韓
盛。餐酒坊,4.5,92,日韓
山頂丼人,4.1,22,日韓
丼吃丼(中山遼寧店),4.5,26,日韓
古月炎壽司,5,5,日韓
多田壽司屋,4.7,4,日韓
一緒串燒-酒場,5,1,日韓
東京豚極醬煎豬排(誠品信義店),5,1,日韓中港
金鍋,4,39,日韓火鍋
一番屋,4.2,159,日韓火鍋
Pocha韓式熱炒,4.7,9,日韓火鍋
??家Sukiya(大安店),4.7,3040,日韓便當
??家Sukiya(忠孝復興店),4.6,1516,日韓便當
幸屋日式手作料理,4.4,79,日韓便當
日式丼飯,4.4,739,日韓便當
津豚咖哩飯丼炒飯,4.5,933,日韓便當
?冰淇淋機場/有肉行,5,3,日韓飲料甜點
Mr.拉麵(台北公館店),4.3,32,日韓麵類
九湯屋(台北信義莊敬店),4.6,88,日韓麵類
韓舍(SOGO百貨忠孝館),4.4,51,火鍋FS_SOGO88日韓
鳥取十二段,1,1,火鍋日韓
濟州豆腐鍋之家,4.2,647,火鍋日韓
林家匠,4.5,191,火鍋日韓
一氣水產/?燒居酒屋/IKKIHamayaki,4.1,26,火鍋日韓
赫氏韓味食坊,4,192,火鍋日韓
銀兔湯咖哩(台北信義店),4.7,106,早餐日韓
滿樂鐵板吐司(台北四維店),5,1,早餐日韓
幸修園(誠品信義店),none,none,百貨美食節日韓
米澤製麵(誠品信義店),4.7,10,百貨美食節日韓
高麗亭韓式料理(誠品信義店),4.2,12,百貨美食節日韓
108MATCHASARO一?八抹茶茶廊(誠品信義店),4.6,6,百貨美食節甜點日韓
七見櫻堂(誠品敦南店),4.3,219,百貨美食節飲料日韓
金州韓式料理(誠品敦南店),4.1,521,百貨美食節黎巴嫩料理日韓
井町,4.4,65,咖哩日韓
銀兔湯咖哩(台北師大本店),4.6,172,咖哩日韓
KakigoriToshihiko,4.3,45,咖哩日韓
靚宅咖哩,4.1,102,咖哩日韓
樂咖哩,4.5,48,咖哩日韓
呂舖食堂,4.7,108,咖哩日韓
伊藤久右衛門茶籠,5,7,咖哩日韓
黑武藏壽司(南機場店),4.6,296,東南亞日韓
黑武藏壽司(台北通化店),4.4,238,東南亞日韓
越韓小館,4.1,987,東南亞日韓
黑武藏壽司(台北北醫店),4.5,121,東南亞日韓
伊勢路勝勢日式豬排(SOGO百貨復興館),4.6,70,便當FS_SOGO88日韓
吉野家Yoshinoya(台北台大店),4.6,782,便當日韓
百八魚場(台北古亭店),4.4,55,便當日韓
吉野家Yoshinoya(台北古亭店),4.7,1428,便當日韓
吉屋食堂(古亭店),4.2,581,便當日韓
RiceCafe杓文字,4.5,171,便當日韓
??家Sukiya(古亭店),4.7,7106,便當日韓
吉野家Yoshinoya(大安東門店),4.6,156,便當日韓
職人丼深夜食堂,4.6,462,便當日韓
EbisuKitchen,4.7,303,便當日韓
大戶屋(台北忠孝復興店),4.7,1051,便當日韓
吉野家Yoshinoya(台北南門店),4.7,186,便當日韓
川丼,4.4,32,便當日韓
勝博殿(光復店),4.8,221,便當日韓
大戶屋(微風南山店),4.6,123,便當日韓
吉野家Yoshinoya(台北忠孝店),4.7,593,便當日韓
??家Sukiya(國父紀念館店),4.7,7690,便當日韓
勝博殿Express丼(新北三創店),4.5,45,便當日韓
百八魚場(台北三創店),4.5,10,便當日韓
百八魚場(台北忠孝店),4.4,30,便當日韓
日本橋玉井(微風南山店),4.5,34,便當日韓
開丼燒肉v.s丼飯(信義A8店),4.4,142,便當日韓
Ha醬炙燒,4.5,108,便當日韓
吉野家Yoshinoya(台北市府店),4.7,2356,便當日韓
拼拼拌Bibimbap,4.5,299,便當日韓
大戶屋(台北南京復興店),4.7,984,便當日韓
初牛(台北公館店),4.8,52,便當日韓
橫濱蛋包飯,4.5,368,便當日韓
吉野家Yoshinoya(台北大安店),4.7,2337,便當日韓
彥亭食堂,4.6,174,便當日韓
加一丼哩壽司,4.8,50,便當日韓
厚道丼飯,4.5,224,便當日韓
大戶屋(統一時代台北店),4.6,230,便當日韓
CoCo壹番屋咖哩(公館台大店),4.6,133,便當咖哩日韓
起家雞(中正寧波店),4.7,127,炸雞日韓
Tripletwenty韓式炸雞專賣店,4.5,175,炸雞日韓
Chimac175韓式炸雞,4.3,44,炸雞日韓
德相美式加州壽司,4.6,187,美式料理日韓
萃茶風大享食(公館汀洲店),4.6,42,飲料日韓
燒桶子韓風立燒,4.5,132,飲料日韓
摩斯漢堡MosBurger(敦南店),4.7,848,漢堡日韓
摩斯漢堡MosBurger(世貿店),4.7,452,漢堡日韓
摩斯漢堡MosBurger(光復店),4.7,522,漢堡日韓
摩斯漢堡MosBurger(台北南昌店),4.7,799,漢堡日韓
六角工房,4.5,34,麵類日韓
西羅伐韓式料理,4.4,135,麵類日韓
九湯屋日本拉麵(台北通化店),4.6,232,麵類日韓
惠比須麵屋,4.3,65,麵類日韓
森本家拉麵(台北新生店),4.1,40,麵類日韓
土三寒六,4.6,177,麵類日韓
麵頑者(台北杭州店),3.7,17,麵類日韓
南機麵廠,4.3,55,麵類日韓
男子漢拉麵(中崙市場店),4.5,317,麵類日韓
元?日本豚骨拉麵,4.3,120,麵類日韓
韓國丸子撞麵鍋,4,128,麵類日韓
三本拉麵(台北建國總店),4.5,113,麵類日韓
?鐵板燒(台北安和店),4,2,鐵板燒日韓
紅螞蟻鐵板燒,4.5,302,鐵板燒日韓
Sarabeth's(SOGO百貨天母店),4.7,7,FS_SOGO88小吃美式料理
Sarabeth's(SOGO百貨敦化館),none,none,FS_SOGO88小吃美式料理
PizzaHut必勝客(和東外送店),4.7,403,Pizza比薩美式料理
瑪莉珍披薩MaryjanePizza(台北師大店),4.6,1207,Pizza比薩美式料理
PizzaHut必勝客(大安外送店),4.7,404,Pizza比薩美式料理
PizzaHut必勝客(信義外送店),4.7,341,Pizza比薩美式料理
PizzaHut必勝客(南昌外送店),4.6,815,Pizza比薩美式料理
PizzaHut必勝客(松仁外送店),4.7,291,Pizza比薩美式料理
PIZZAPARK,4.6,499,Pizza比薩美式料理
PizzaHut必勝客(光復餐廳店),4.7,529,Pizza比薩美式料理
PizzaHut必勝客(長安外送店),4.7,346,Pizza比薩美式料理
胖奇熱狗堡PunchHotdog,4.7,67,三明治美式料理
壹號出口,4.7,175,三明治美式料理
LoveatFirstBiteBakeryCafe',4.5,416,三明治甜點飲料美式料理
TimeOut正宗丹麥熱狗堡(台北公館店),4.2,21,小吃美式料理
紫牛牛排,4.5,138,小吃美式料理
牛二哥,4.5,70,小吃美式料理
TSGBPOP-UPSHOP,4.5,4,小吃美式料理
我家牛排(台北大安店),4,9,小吃美式料理
人??厚切牛排(台北永康店),4.7,781,小吃美式料理
午甘單,4.8,24,小吃美式料理
MS.FOODSTUDIO,4.6,42,小吃美式料理
N.Y.BAGELSCAFE(台北仁愛店),4.6,116,小吃美式料理
CLOUD9CAFE,4.6,570,小吃美式料理
人??厚切牛排館(台北莊敬店),4.5,246,小吃美式料理
C25度咖啡館,4.9,10,小吃美式料理
刁廚·紐利NaughtyNuri's,4.6,10,小吃美式料理
人??厚切牛排館(台北忠孝店),4.5,1335,小吃美式料理
N.Y.BAGELSCAFE(台北信義店),4.6,53,小吃美式料理
中崙牛排鐵板麵,4.3,116,小吃美式料理
口腔合爆,4,32,小吃美式料理
牛魔王牛排(師大龍泉店),4.6,175,小吃美式料理
高三孝碳烤吐司(台北南昌總店),4.6,183,小吃美式料理
卡莉莎美式餐廳,4.6,79,小吃美式料理
人??厚切牛排館(台北安居店),4.6,426,中港美式料理
YOLO'sCafe(台北總店),4.6,192,早餐美式料理
FULLBURGER絕佳早午餐,4.6,137,早餐美式料理
LITTLEBYLITTLE,4.8,6,早餐美式料理
土司吐司ToasToasT,4.7,62,早餐美式料理
森林跑站,4.6,241,早餐美式料理
慶三號烤肉倉庫早午餐(中正金門店),4.8,171,早餐美式料理
小酒館早午餐DrunkBrunch,4.7,54,早餐美式料理
拉亞漢堡(北市杭州店),4.6,407,早餐美式料理
弘爺漢堡(台北吳興店),4.7,763,早餐美式料理
金色三麥(誠品酒窖店),4.8,11,百貨美食節美式料理
肯德基(台北台大店),4.5,1280,炸雞美式料理
胖老爹美式炸雞(台北大安店),4.6,131,炸雞美式料理
肯德基(台北光復店),4.6,317,炸雞美式料理
胖老爹美式炸雞(台北東門店),4.5,674,炸雞美式料理
肯德基(台北莊敬店),4.6,1230,炸雞美式料理
胖老爹美式炸雞(台北中正重慶店),4.8,129,炸雞美式料理
肯德基(台北南昌店),4.5,203,炸雞美式料理
Dicos德克士脆皮炸雞(台北101店),4.5,3660,炸雞美式料理
胖老爹美式炸雞(市民大道八德店),4.5,764,炸雞美式料理
21PLUS、21風味館(台北時代門市),4.6,747,炸雞美式料理
Burgerout,4.8,197,炸雞美式料理
肯德基(台北中山店),4.7,541,炸雞美式料理
胖老爹美式炸雞(公館台大店),4.6,52,炸雞美式料理
胖老爹美式炸雞(信義吳興店),4.8,187,炸雞美式料理
胖老爹美式炸雞(忠孝復興店),4.7,1263,炸雞飲料美式料理
胖老爹美式炸雞(台北中華店),4.6,565,炸雞飲料美式料理
Woopen木盆(高雄重愛加盟門市),5,2,美式料理
Funnymama,4.6,3,美式料理
怡客咖啡IkariCoffee(台北南京店),5,2,美式料理
大吉漢堡食堂,4.3,146,美式料理
MeetUpCAFE,4.6,111,美式料理
SUGARbISTRO小食糖,none,none,美式料理
我家牛排(台北莊敬店),none,none,美式料理
人??厚切牛排館(台北敦化店),4.5,603,美式料理
HalaChicken,4.6,97,美式料理
POPOKE夏威夷生魚飯,4.2,21,美式料理
棒棒熱狗(台北中山店),4.7,8,美式料理
MallardGrilledCheeseEatery野鴨小餐館,4.7,10,美式料理
aoneeatery,4.8,40,美式料理
星辰牛排,none,none,美式料理
意享美式廚房(微風南山店),4.5,2,美式料理
主廚先生(台北遼寧店),4.8,6,美式料理
?牛大牛排(台北永吉店),3.9,28,美式料理
牛脾氣牛排(台北南機場店),4.6,113,美式料理
德相美式加州壽司,4.6,187,美式料理日韓
多加精緻早午餐,4.6,552,美式料理早餐
H?agen-Dazs哈根達斯(台北敦南店),4.7,88,美式料理甜點
H?agen-Dazs哈根達斯(信義威秀店),4.7,4,美式料理甜點
KrispyKreme(信義威秀門市),4.6,591,美式料理甜點
KrispyKreme(微風南京門市),4.7,575,美式料理甜點
STARBUCKS星巴克(敦和門市),4.8,143,美式料理飲料
RunaCafes嚕娜咖啡(陽明覺民店),4.7,108,美式料理飲料
響artCaf?,4.4,7,美式料理飲料
老窩咖啡(台北延吉店),4.9,10,美式料理飲料
伯朗咖啡館(建國店),4.9,16,美式料理飲料
伯朗咖啡館(台北科大店),4.5,8,美式料理飲料
STARBUCKS星巴克(忠孝延吉門市),4.8,378,美式料理飲料
蜜蜂咖啡,4.5,115,美式料理飲料
YOLO’SCAFE(台北敦南店),4.7,49,美式料理飲料
MaseCafe咖啡專門店,4.6,22,美式料理飲料
伯朗咖啡館(延吉店),4.7,42,美式料理飲料
伯朗咖啡館(八德店),5,3,美式料理飲料
Hi5Cafe,5,7,美式料理飲料
伯朗咖啡館(南京店),4.9,29,美式料理飲料
賀運咖啡,4.6,217,美式料理飲料
RedpointTaproom紅點桌邊飲,4.6,15,美式料理飲料
點38咖啡店,4.7,80,美式料理飲料
BIICOFFEE,4.6,46,美式料理飲料
YOLO'sCAFE(長安建國店),4.7,109,美式料理飲料
KGBKiwiGourmetBurgers,4.5,564,美式料理漢堡
"吃喝完,樂",4.7,2129,美式料理漢堡
SUBWAY(安居店),4.7,635,素食美式料理
SUBWAY(忠孝復興店),4.7,284,素食美式料理
Subway(台北松江南京店),4.7,922,素食美式料理
SUBWAY(復興和平店),4.6,383,素食美式料理
SUBWAY(師大店),4.8,490,素食美式料理
SUBWAY(濟南新生店),4.7,539,素食美式料理
貝菈貝果B?gelBagel(台北象山行政店),4.6,45,甜點美式料理
淘客美式漢堡(台北公館店),4.7,355,飲料美式料理
OnewayCAFE玩味咖啡,4.3,93,飲料美式料理
OH!Cafe握咖啡(台北內湖店),3,1,飲料美式料理
STARBUCKS星巴克(台北三興門市),4.7,38,飲料美式料理
福鹿喝咖啡,4.8,8,飲料美式料理
JambaJuice(信義威秀店),4.7,91,飲料美式料理
紐澳良小廚(台北林森店),4.5,84,飲料美式料理
Cafe365,4.7,65,飲料美式料理
JambaJuice(微風南京店),4.8,75,飲料美式料理
Bettermebrunchcoffee,4.5,6,飲料美式料理
角窩美式餐酒館,4.3,41,飲料美式料理
紐澳良小廚(台北象山店),4.6,85,飲料美式料理
CAFEBANANA芭娜娜咖啡,4.7,511,飲料美式料理
麥當勞(S144忠孝五店),4.6,1890,漢堡mcd300美式料理
麥味登(台北公館店),4.6,135,漢堡美式料理
BurgerKing漢堡王(台北公館店),4.6,1019,漢堡美式料理
OXOX創意漢堡,4.6,84,漢堡美式料理
BurgerKing漢堡王(台北新師大店),4.7,1047,漢堡美式料理
LightBistro路燈咖啡(台北師大店),4.7,117,漢堡美式料理
茉莉漢堡(台北大安店),4.6,1338,漢堡美式料理
入口厝_ENTRANCE,4.8,60,漢堡美式料理
喀漢堡(台北世貿店),4.7,33,漢堡美式料理
sheeppony,5,2,漢堡美式料理
籌學費美式餐廳,4.3,55,漢堡美式料理
史丹貓美式餐廳(台北忠孝店),4.5,70,漢堡美式料理
SUBWAY(忠孝延吉店),4.7,163,漢堡美式料理
BurgerKing漢堡王(微風南山店),4.6,11,漢堡美式料理
Chili'sGrill&Bar(台北信義店),4.4,1231,漢堡美式料理
BurgerKing漢堡王(台北華納店),4.6,1842,漢堡美式料理
森漢堡,4.6,219,漢堡美式料理
L.A.FBurger拉芙漢堡,4.2,20,漢堡美式料理
吉米樂狗Jimmy'sHotdogClub,4.7,53,漢堡美式料理
STANLEY'sSteakhouse史坦利牛排(台北敦化店),4.5,6,漢堡美式料理
麥當勞(S6台北光復店),4.3,156,漢堡麥當勞美式料理
TwinkeyzTacos塔卡老爹,4.3,235,黎巴嫩料理美式料理
Bea'sBISTRO美式餐館,4.6,44,麵類美式料理
左巴好室．好事,4.3,72,麵類飲料美式料理
NARAThaiCuisine(SOGO百貨忠孝館),4.4,32,FS_SOGO88小吃東南亞
晶湯匙(SOGO百貨復興館),4.4,5,FS_SOGO88小吃東南亞
拉丁起司快餐,4.8,11,三明治東南亞
Lacuz泰食一樂(台大店),3.7,91,小吃東南亞
師大第一腿(公館店),4.1,14,小吃東南亞
曼德樂雲泰料理,4.4,377,小吃東南亞
西西里克shishlik,4,52,小吃東南亞
師大第一腿(師大店),4.1,38,小吃東南亞
雲南小鎮(台北師大店),4.3,149,小吃東南亞
泰鴻泰式料理,4.4,1220,小吃東南亞
云滇雲南過橋米線(台北忠孝店),4.6,1815,小吃東南亞
Baan-Taipei,5,5,小吃東南亞
云滇雲南過橋米線(台北光復店),4.6,2317,小吃東南亞
CYCLO洛城牛肉粉(台北仁愛店),4.6,440,小吃東南亞
瘦仔林叻沙,4.2,98,小吃東南亞
油?黃金牛肉粉PHO(台北南海店),4.3,165,小吃東南亞
Taj泰姬印度餐廳,4.6,35,小吃東南亞
萬中肉骨茶,4.5,256,小吃東南亞
黃亞細肉骨茶(台北信義店),4.5,620,小吃東南亞
Ladynara(台北統一時代店),4.3,13,小吃東南亞
越悅越南茶餐廳,4.1,8,小吃東南亞
駭味沙威瑪,4.2,80,小吃東南亞
越蓮料理坊,4.3,246,小吃東南亞
BOSS沙威瑪(台北臨江店),4.5,153,小吃東南亞
雲南小鎮,4.5,19,小吃東南亞
356越南牛肉河粉,4.2,273,小吃東南亞
小英北越河粉,4.4,807,小吃東南亞
泰酷泰國料理丼飯(誠品信義店),4,8,百貨美食節東南亞
海記醬油雞(SOGO百貨忠孝館),4.5,73,百貨美食節東南亞中港
PrettyThai泰之霸,4.5,70,咖哩日韓東南亞
印度風咖哩專賣店(台北八德店),4.3,44,咖哩東南亞
香米泰國料理,4.6,460,咖哩東南亞
泰傳統,4.5,121,東南亞
Nahm(水泰式廚房),4.4,17,東南亞
Mamak檔星馬料理(台北忠孝店),5,3,東南亞
甩泰咖喱專賣店,5,1,東南亞
MuiMui,4.4,5,東南亞
烤寨Bistro,3,1,東南亞
皇品茶餐廳,4.5,16,東南亞
WTF!WeThinkFood:),4.1,24,東南亞咖哩
L.APHO越南美食餐廳,4.6,13,東南亞便當
吳媽海南雞飯(台北長安東店),4.2,46,東南亞便當
瓏香麵食館越南美食,4.4,142,東南亞麵類
賢記麵疙瘩,4.5,135,東南亞麵類
曼谷燒,4.6,288,便當東南亞
印渡風情OutofIndia(師大一店),4.6,668,便當東南亞
泰好吃南洋料理,4.3,269,便當東南亞
信基泰式廚房,4.5,123,便當東南亞
艾叻沙(台北信義店),4.3,24,飲料東南亞
翠薪越南餐廳,4.6,144,麵類東南亞
翠林越南餐廳,4.3,182,麵類東南亞
雲泰滇緬泰式料理,4.4,254,麵類東南亞
平安店-越南美食,4,69,麵類東南亞
象子.麵,4.7,10,麵類東南亞
卡布里喬莎(SOGO百貨忠孝館),4.6,37,Pizza比薩FS_SOGO88其他歐系料理
初宅ONEHOUSE,4.7,115,Pizza比薩其他歐系料理
PizzaGuild比薩幫,4.6,44,Pizza比薩其他歐系料理
佬披薩,4.6,143,Pizza比薩其他歐系料理
OGGI歐奇窯烤披薩(大安敦南店),4.5,12,Pizza比薩其他歐系料理
A-LiKitchen,4.6,58,Pizza比薩其他歐系料理
來塊披薩專家(大安仁愛店),4.7,50,Pizza比薩其他歐系料理
BiancoTaipei義式餐廳,4.3,52,Pizza比薩其他歐系料理
來塊披薩專門店,4.6,465,Pizza比薩其他歐系料理
Verona創義廚房,3.9,50,Pizza比薩其他歐系料理
YOJIPIZZA祐吉披薩,4.4,131,Pizza比薩其他歐系料理
慢慢Bistro,4.5,87,Pizza比薩其他歐系料理
Wendel'sGermanBakery&Bistro溫德德式烘焙餐館(台北大安店),4.6,622,Pizza比薩其他歐系料理
瑪莉珍披薩MaryjanePizza(台北信義店),4.5,110,Pizza比薩其他歐系料理
Johnson'sRestaurant,4.1,46,Pizza比薩其他歐系料理
ZocaPizza佐佧比薩,4.6,1220,Pizza比薩其他歐系料理
Jn'F義大利麵,4.5,95,Pizza比薩其他歐系料理
Mr.PacoPizzeria,4.3,421,Pizza比薩其他歐系料理
MR.BIGPIZZA,4.5,125,Pizza比薩其他歐系料理
夠義式義大利麵(台北中華店),4.6,359,Pizza比薩其他歐系料理
11Pasta,4.6,263,Pizza比薩其他歐系料理
福嗑古巴三明治,4.6,109,三明治其他歐系料理
流口水義式料理,4.7,20,小吃其他歐系料理
量子塔可(台北大安店),4,31,小吃其他歐系料理
十夜泡麵館,4.4,34,小吃其他歐系料理
CAMPUSCAFE(台北忠孝店),4.6,34,小吃其他歐系料理
Nala'sMexicanFood,4.3,291,小吃其他歐系料理
CuiquCoffee奎克咖啡(台北忠孝店),4.4,62,小吃其他歐系料理
CAMPUSCAFE(台北光復店),4.6,191,小吃其他歐系料理
雅典娜咖啡。空間,4.1,73,小吃其他歐系料理
月見山(台北士林店),4.7,24,小吃其他歐系料理
ChiaoDuoHouse巧?洋房,4.2,32,小吃其他歐系料理
CasadeAmigos西班牙餐酒館,3.6,6,小吃其他歐系料理
PaPaRice義式燉飯,4.6,16,小吃其他歐系料理
Su/food(復興北店),4.6,106,小吃其他歐系料理
舒薇好食,4.8,9,小吃其他歐系料理
917好事咖啡創意廚房,4.8,19,早餐其他歐系料理
GRABABITE幸福提食,4.6,114,早餐其他歐系料理
101鬆餅,4.5,340,早餐其他歐系料理美式料理飲料甜點
麵工坊(公館JR店),4.6,323,其他歐系料理
PizzaPers?傳統式義大利披薩專賣店,4.5,9,其他歐系料理
Ombr?,4.8,7,其他歐系料理
小巴黎人麵包製作所,4.6,15,其他歐系料理
PeterBettercafe(台北大安店),4.6,40,其他歐系料理
Snail蝸牛義大利餐廳(台北敦化店),4.4,180,其他歐系料理
貓尾巴義式餐館,2,2,其他歐系料理
璐露野野餐餐廳,4.6,5,其他歐系料理
Tino'sPizzaCafe堤諾比薩(台北莊敬店),4.5,109,其他歐系料理
鬍子餐酒Baffiitaliamtrattoria,4.5,7,其他歐系料理
65義大利麵,4.5,406,其他歐系料理
OsteriaRialto雅朵義大利餐館,4.4,12,其他歐系料理
黑熊愛跳舞,4.5,18,其他歐系料理
大樹食堂(大安安和店),none,none,其他歐系料理
Port23,none,none,其他歐系料理
ROUbyTHAM,4.1,18,其他歐系料理
享味,4.4,35,其他歐系料理
西西里克餐館店,5,3,其他歐系料理Pizza比薩
希臘捲餅,none,none,其他歐系料理小吃
AlSorriso|HomehotelDa-an,4.8,10,其他歐系料理美式料理
樂子theDiner(台北瑞安店),4.6,975,其他歐系料理美式料理
法式修頌．可頌專賣店,4.6,190,其他歐系料理甜點
法布甜伴手禮專賣店(台北店),4.7,7,其他歐系料理甜點
怡客咖啡IkariCoffee(台北大安捷運店),4.4,24,其他歐系料理飲料
怡客咖啡IkariCoffee(台北南昌店),4.5,32,其他歐系料理飲料
英國奶奶,4.4,37,其他歐系料理飲料
怡客咖啡IkariCoffee(台北忠杭店),4.5,9,其他歐系料理飲料
OutingCafe’&Bar,4.6,136,其他歐系料理飲料
I'mPasta(台北和平店),4.4,404,其他歐系料理麵類
威布好食,4.7,417,美式料理其他歐系料理
SPlus,4.5,117,甜點其他歐系料理
OwlsBistro,4.2,14,甜點其他歐系料理
CuiquCoffee奎克咖啡(台中公益店),4.3,119,飲料其他歐系料理
神?咖啡(台北建國門市),4.4,24,飲料其他歐系料理
怡客咖啡IkariCoffee(台北婦幼店),4.5,2,飲料其他歐系料理
SoulR.VeganCaf?靈魂餐廳,4.5,122,飲料其他歐系料理
JC'sCafe,4.6,250,飲料其他歐系料理
咖啡弄(台北忠孝店),4.6,500,飲料其他歐系料理
瘦達人健康料理,4.5,164,飲料其他歐系料理
Trastevere(SOGO百貨復興館),none,none,麵類FS_SOGO88其他歐系料理
MishaCaffeXPizzeria,4.2,169,麵類Pizza比薩其他歐系料理
Hersbistro她/的餐酒,4.4,15,麵類早餐甜點飲料其他歐系料理
格芮潘義式創意廚房,none,none,麵類其他歐系料理
找到咖啡義法料理,4.3,6,麵類其他歐系料理
麵工坊MGFPasta(台北大安店),4.5,321,麵類其他歐系料理
米克諾斯,4.3,79,麵類其他歐系料理
微兜(台北永康店),4.6,24,麵類其他歐系料理
台北怡亨酒店,4,2,麵類其他歐系料理
希臘左巴(台北永康店),4.3,103,麵類其他歐系料理
MigaKitchenPasta米家廚房,4.5,150,麵類其他歐系料理
NICEGREEN美蔬菜廚房(忠孝店),none,none,麵類其他歐系料理
創義麵(台北信義店),4.6,2295,麵類其他歐系料理
fungether,4.6,253,麵類其他歐系料理
微兜(台北光復店),4.5,22,麵類其他歐系料理
I'mPasta(台北光華店),4.4,542,麵類其他歐系料理
麒玲義大利麵,4.4,68,麵類其他歐系料理
BELLINIPastaPasta(台北信義威秀店),4.5,1427,麵類其他歐系料理
一直是晴天(台北松菸店),4.3,80,麵類其他歐系料理
麵工坊MGFPasta(台北市府店),4.4,666,麵類其他歐系料理
香料廚房,4.2,14,麵類其他歐系料理
璽愛私餚-餐酒館,4.3,54,麵類其他歐系料理
義麵屋SpaghettiHouse,4.6,119,麵類其他歐系料理
肥特蓋斯,4.6,132,麵類其他歐系料理
BotegadelVin,4.6,152,麵類其他歐系料理
米蘭意廚,4.8,9,麵類其他歐系料理
ElfinRestaurant&Lounge,4.4,5,麵類其他歐系料理
Osmosis,4,3,麵類其他歐系料理
PizzeriaOggi歐奇甕烤披薩(信義市府店),5,1,Pizza比薩
瑪丘墨式餅舖MachoTacos(台北師大店),4.5,2424,小吃黎巴嫩料理
瑪丘墨式餅舖MachoTacos(台北延吉店),4.6,4910,小吃黎巴嫩料理
dee好得生活,4.3,10,小吃黎巴嫩料理
微想咖哩(台北吳興店),4.5,769,日韓黎巴嫩料理
倆人初餐,4.5,66,早餐黎巴嫩料理
印度支那(誠品敦南店),4.3,232,百貨美食節黎巴嫩料理
CurryForPeace,4.5,135,咖哩飲料黎巴嫩料理
Namaste印度餐廳,4.2,42,咖哩黎巴嫩料理
馬友友印度廚房(MIK-6)(台北松江店),4.6,167,咖哩黎巴嫩料理
誠記食堂(台北永康店),4.6,3162,黎巴嫩料理
奪愛印度咖哩(台北仁愛店),4.2,337,黎巴嫩料理
馬友友印度廚房(MIK-8)(台北忠孝店),4.4,474,黎巴嫩料理
東央貢。泰食堂(忠孝店),4.3,358,黎巴嫩料理
NARAThaiCuisine(台北統一時代店),4.5,26,黎巴嫩料理
泰集ThaiBazaar(台北信義店),5,2,黎巴嫩料理
桔梗三明治,3.6,3,黎巴嫩料理中港
馬友友印度廚房(MIK-1)(台北信義店),4.3,499,黎巴嫩料理東南亞
好處haveaniceday,4.2,13,麵類黎巴嫩料理
橙廚pasta,4.2,9,麵類黎巴嫩料理
籠町茶番,1,1,飲料
春芳號(台北公館店),5,2,飲料
滴咖啡,none,none,飲料
春陽茶事(台北公館店),3.8,10,飲料
"京沺屋,抹茶專門(台北公館店)",4.8,17,飲料
豐水舖,5,3,飲料
小日子商?(台北公館店),4.6,6,飲料
吳家紅茶冰(高雄柳橋店),5,3,飲料
咖啡深藏(高醫十全店),4,1,飲料
TeaTop台灣第一味(台中民生店),4.9,12,飲料
督賀咖啡,4.8,6,飲料
小花茶舖,4.5,29,飲料
愛玉見咖啡,5,2,飲料
好杯咖啡,4.5,2,飲料
龍角手作茶(台北師大店),4.8,74,飲料
InstilCoffeeDimension,4.3,38,飲料
春芳號(台北信義店),4.7,25,飲料
喚醒咖啡,4.6,13,飲料
進寶咖啡,1,none,飲料
春陽茶事(台北信義大安店),4.6,114,飲料
iNPUTCaf‘e音鋪咖啡,none,none,飲料
小茶齋(台北通化店),4.7,132,飲料
五十嵐(同安店),5,4,飲料
大苑子(台北通化店),4.9,25,飲料
天仁茗茶(台北通化街店),4.7,100,飲料
TeaWater(台北汀洲店),4.7,23,飲料
清心福全(台北大安店),4.8,86,飲料
50嵐(大安店),4.8,273,飲料
Sharetea(台北永康店),4.8,5,飲料
清心福全(台北金山南店),4.8,121,飲料
吉龍糖黑糖茶飲(大安文昌店),4.6,25,飲料
Lareinacafe,4.6,15,飲料
仙草凍三兄弟(台北信義店),4.7,9,飲料
Jamlingcafe,4.6,69,飲料
日日裝茶(中正南門店),4.8,104,飲料
濃一豆乳(台北仁愛店),4.9,11,飲料
一芳水果茶(台北南昌店),4.5,22,飲料
50嵐(新生店),4.8,203,飲料
清心福全(台北中正泉州店),4.8,163,飲料
AMPCaf?IndependentRoaster(仁愛旗艦店),4.9,10,飲料
五十嵐(莊敬店),4.8,16,飲料
JAM'STEA詹姆詹姆,4.6,40,飲料
嚐途咖啡,5,1,飲料
不要對我尖叫(忠孝復興店),4.6,53,飲料
小郎吉茶,4.6,15,飲料
MAYBE時尚水果飲品,4.2,9,飲料
FutiFudi,4.6,18,飲料
TeaTop台灣第一味(大安延吉店),4.8,50,飲料
春陽茶事(忠孝復興店),4.8,64,飲料
MUDO沐?,4.9,24,飲料
?日茶飲(台北復興店),4.7,29,飲料
Sharetea(忠孝旗艦店),2.7,4,飲料
花甜果室,4.4,23,飲料
清心福全(忠孝SOGO店),4.8,339,飲料
米塔黑糖飲品(台北杭州店),4.8,52,飲料
清心福全(信義松仁店),4.8,333,飲料
等一個人咖啡(台北101店),4,1,飲料
老賴茶棧大安店,4.6,22,飲料
甘蔗媽媽(大安延吉店),4.7,61,飲料
Lattice拉堤斯．比利時列日鬆餅,4.7,122,飲料
上班不要喝。延吉日常Don'tDrinkAtWork,4.7,47,飲料
伯朗咖啡館(青年公園店),4.3,8,飲料
ONECA丸咖(華山店),4.5,49,飲料
COMEBUY(台北善導寺店),4.8,27,飲料
?日茶飲(台北長安店),4.7,70,飲料
法客公園人果汁,5,10,飲料
涼水庫紅茶冰(台北南機場店),5,30,飲料
YO鮮格,4.5,7,飲料
一心豪飲(台北市府店),4.2,4,飲料
狐狸先生Mr.Foxx,4.7,47,飲料
日日裝茶(公館台大店),4.8,32,飲料
DeescoCoffee德果咖啡(大安安和店),5,7,飲料
咖站Caf?Station,4.6,13,飲料
甘蔗媽媽(台北古亭店),4.7,83,飲料
唐棉(台北古亭店),4.7,275,飲料
BABURUDRINKSHOP,4.6,22,飲料
茶八teabar,5,1,飲料
甜柚籽,4.4,10,飲料
老窩咖啡(台北吳興店),4.8,27,飲料
禮采芙(信義北醫店),4.2,7,飲料
原果NaturallyJuice,4.7,11,飲料
壹咖啡(忠孝延吉店),4.8,6,飲料
清心福全(中山四平店),5,2,飲料
金魚健康果昔,4.7,118,飲料
hugdayday好爹爹,4.9,20,飲料
COFFEEDPT概念店,4.8,32,三明治飲料
IsaacToast&Coffee(台北光復店),4.8,3314,三明治飲料
哞熹哞熹(台北公館店),4,1,甜點飲料
85度C(台北和平東店),4.7,590,甜點飲料
麗采蝶茶館,4.7,191,甜點飲料
祕密花園白木耳露專賣店,4.6,213,甜點飲料
旅沐咖啡(台北通安店),4.6,77,甜點飲料
利美水果專門店,4.5,110,甜點飲料
85度C(信義通化店),4.8,226,甜點飲料
THENORMAL,4.8,125,甜點飲料
85度C(台北莊敬店),4.7,226,甜點飲料
黑沃咖啡(台北復興店),4.8,240,甜點飲料
RilakkumaCaf?拉拉熊咖啡廳(台北店),4.8,63,甜點飲料
新醋感chuchubar,4.6,87,甜點飲料
85度C(台北長安東店),4.8,36,甜點飲料
中興手工養生甜品-仙草弟弟之家,4.5,45,甜點飲料
LudiqueCr?me,4.5,27,甜點飲料
黑沃咖啡(台北市府店),4.6,116,甜點飲料
三兄妹(台北臨江店),4.6,181,甜點飲料
LE'VRE樂福賀法式糕點,1,none,甜點飲料
歐克法咖啡unicofacoffee(延吉店),4.9,25,甜點飲料
SWAYBLACKCOFFEE嗜黑咖啡(台北八德店),none,none,甜點飲料
五年級古早味粉粿粉圓(台北長安店),5,4,甜點飲料
SWAYBLACKCOFFEE嗜黑咖啡(台北市府店),none,none,甜點飲料
楊婆婆八寶粥,4.7,670,粥&湯飲料甜點
小木屋鬆餅(台北師大店),4.6,1198,飲料甜點
豆穌朋Cafe(台北師大店),4.9,96,飲料甜點
松薇PINE&ROSE,4.6,60,飲料甜點
Together,4.6,76,飲料甜點
Chocoholic巧克哈客(台北永康店),4.8,85,飲料甜點
冰山一角甜品屋,4.4,447,飲料甜點
聖保羅烘焙花園(台北忠孝店),4.6,22,飲料甜點
梁記豆花(台北安東店),4.4,154,飲料甜點
同心圓水晶紅豆餅,4.7,1361,飲料甜點
AMAVIE巴西莓,4.8,73,飲料甜點
查理布朗烘焙(台北民生總店),none,none,飲料甜點
meltingfinger舔舔手馬卡龍專賣店,4.5,12,飲料甜點
楓丹白露手作白木耳露,4.9,22,飲料甜點
櫻桃王,5,1,飲料甜點
不貳光車輪餅(台北延吉店),4.5,285,飲料甜點
元食Cafe,none,none,飲料甜點
Golden甘蔗飲品.咖啡.滷味專賣,4.1,41,滷味甜點飲料
聖保羅烘焙花園(台北大安店),4.6,211,小吃甜點
田娘娘舒芙蕾(台北中正店),none,none,小吃甜點
好想吃冰???/日式蔬食(台大公館店),4.5,114,便當甜點
朋廚烘焙坊(誠品敦南店),4.3,10,百貨美食節甜點
雪坊(SOGO百貨忠孝館),5,1,百貨美食節甜點
滿哥甜品坊(誠品信義店),4.2,5,百貨美食節甜點
查理布朗烘焙(忠孝復興店),1,1,小吃
執串燒本店,4.5,29,小吃
爍SOULcafe&bistro,4.6,6,小吃
邱家碳烤玉米大腸包小腸,4.6,5,小吃
米大廚(大安東門店),5,1,小吃
昇冠泰式雞排,4.4,689,小吃
龍袍加身腸粉(台北永吉店),4.2,44,小吃
一寸一杯CyottoIppai,4.6,3,小吃
咖啡廚房(SOGO百貨復興館),4,4,麵類百貨美食節飲料
清涼一下,3.4,53,飲料麵類
魔女烘焙品味教室,none,none,飲料小吃
一嘉一素食園,4.7,771,小吃素食
麵食主義,4.6,95,麵類
甲泰船麵,2.3,3,麵類
八月堂(SOGO百貨忠孝館),4.8,16,百貨美食節小吃
VeganTaipei,4.5,12,素食
綠原品健康蔬食(台北松山店),4.7,1248,便當素食
ZACZAG一?炸雞,4.6,1241,炸雞
PELICANA百力佳納韓式炸雞,4.3,198,炸雞
WHYNOT?CURRY,4.6,56,咖哩小吃
綠蓋茶館(誠品信義店),5,1,百貨美食節小吃飲料
